city,ROAS
Delhi,10.130422628385661
Chennai,7.849192593681229
Kolkata,5.9513284194283615
Mumbai,0.19698293168089637
